"Антонов Б.А.";"Админ OX2.ru";89031233333
"Колобков В.Б.";"Босс OX2.ru";89162233333
"Антонов Б.А.";"Админ OX2.ru";89031233333
"Колобков В.Б.";"Босс OX2.ru";89162233333
"Антонов Б.А.";"Админ OX2.ru";89031233333
"Колобков В.Б.";"Босс OX2.ru";89162233333
"Антонов Б.А.";"Админ OX2.ru";89031233333
"Колобков В.Б.";"Босс OX2.ru";89162233333
"Антонов Б.А.";"Админ OX2.ru";89031233333
"Колобков В.Б.";"Босс OX2.ru";89162233333
"Антонов Б.А.";"Админ OX2.ru";89031233333
"Колобков В.Б.";"Босс OX2.ru";89162233333
"Антонов Б.А.";"Админ OX2.ru";89031233333
"Колобков В.Б.";"Босс OX2.ru";89162233333
"Антонов Б.А.";"Админ OX2.ru";89031233333
"Колобков В.Б.";"Босс OX2.ru";89162233333
"Антонов Б.А.";"Админ OX2.ru";89031233333
"Колобков В.Б.";"Босс OX2.ru";89162233333
"Антонов Б.А.";"Админ OX2.ru";89031233333
"Колобков В.Б.";"Босс OX2.ru";89162233333
"Антонов Б.А.";"Админ OX2.ru";89031233333
"Колобков В.Б.";"Босс OX2.ru";89162233333
"Антонов Б.А.";"Админ OX2.ru";89031233333
"Колобков В.Б.";"Босс OX2.ru";89162233333
"Антонов Б.А.";"Админ OX2.ru";89031233333
"Колобков В.Б.";"Босс OX2.ru";89162233333
"Антонов Б.А.";"Админ OX2.ru";89031233333
"Колобков В.Б.";"Босс OX2.ru";89162233333
"Антонов Б.А.";"Админ OX2.ru";89031233333
"Колобков В.Б.";"Босс OX2.ru";89162233333
"Антонов Б.А.";"Админ OX2.ru";89031233333
"Колобков В.Б.";"Босс OX2.ru";89162233333
"Антонов Б.А.";"Админ OX2.ru";89031233333
"Колобков В.Б.";"Босс OX2.ru";89162233333
"Антонов Б.А.";"Админ OX2.ru";89031233333
"Колобков В.Б.";"Босс OX2.ru";89162233333
"Антонов Б.А.";"Админ OX2.ru";89031233333
"Колобков В.Б.";"Босс OX2.ru";89162233333
"Антонов Б.А.";"Админ OX2.ru";89031233333
"Колобков В.Б.";"Босс OX2.ru";89162233333
